Date,Top,Jgl,Mid,Bot,Sup,Patch,Win - Lose,Opponent,E-Top,E-Jgl,E-Mid,E-Bot,E-Sup,side,Winrate since the start,"58,48%",Winrate Red: 057% | Winrate Blue: 062%,,,,,,,,Champion
03/12/2024,Jax,Skarner,Ahri,Smolder,Rakan,14.23,Win,MCK,Ambessa,Viego,Aurora,Corki,Maokai,Blue,,,,,,,,,,,
03/12/2024,Camille,Nocturne,Sylas,Varus,Rell,14.23,Win,MCK,Ambessa,JarvanIV,Ahri,Ashe,Nautilus,Red,,,,,,,,,,,
03/12/2024,Aurora,Skarner,Yone,Corki,Bard,14.23,Win,MCK,Galio,MonkeyKing,Syndra,Kalista,Renata,Blue,,,,,,,,,,,
03/12/2024,Renekton,Zyra,Yone,Ashe,Leona,14.23,Win,MCK,Aurora,Skarner,Ambessa,Ezreal,Rakan,Red,,,,,,,,,,,
03/12/2024,KSante,Poppy,Aurora,Caitlyn,Lux,14.23,Win,MCK,Gwen,Viego,Galio,Kalista,Renata,Blue,,,,,,,,,,,
04/12/2024,Renekton,Ivern,Akali,Ashe,Poppy,14.23,Lose,LUA,Gragas,Vi,Yone,Varus,Rell,Red,,,,,,,,,,,
04/12/2024,Aurora,Skarner,Akali,Smolder,Nautilus,14.23,Lose,LUA,Ornn,Lillia,Yone,Varus,Braum,Blue,,,,,,,,,,,
04/12/2024,Gragas,Vi,Ahri,Varus,Nautilus,14.23,Lose,LUA,Jax,Viego,Lissandra,Ashe,Rell,Red,,,,,,,,,,,
04/12/2024,Gnar,Maokai,Jayce,Kalista,Renata,14.23,Win,LUA,Sion,Poppy,Hwei,Jinx,Lulu,Blue,,,,,,,,,,,
04/12/2024,KSante,Sejuani,Sylas,Kalista,Rell,14.23,Win,LUA,Kennen,Vi,Ahri,Varus,Rakan,Red,,,,,,,,,,,
05/12/2024,Jax,Skarner,Ahri,Smolder,Rell,14.23,Win,JL,Gnar,MonkeyKing,Swain,Corki,Leona,Blue,,,,,,,,,,,
05/12/2024,Jax,Vi,Ahri,Smolder,Nautilus,14.23,Lose,JL,Gnar,XinZhao,Swain,Corki,Rakan,Red,,,,,,,,,,,
05/12/2024,Volibear,Skarner,Orianna,Xayah,Rakan,14.23,Win,JL,Ambessa,JarvanIV,Corki,Ziggs,Leona,Blue,,,,,,,,,,,
05/12/2024,Malphite,Sejuani,Yone,Kalista,Renata,14.23,Lose,JL,Gnar,Vi,Galio,Caitlyn,Neeko,Red,,,,,,,,,,,
05/12/2024,Ambessa,Sejuani,Smolder,Ziggs,Nautilus,14.23,Win,JL,Renekton,Amumu,Yone,Caitlyn,Maokai,Blue,,,,,,,,,,,
06/12/2024,Ambessa,Amumu,Yone,Jhin,Nautilus,14.23,Lose,RBT,Volibear,MonkeyKing,Sylas,Varus,Leona,Blue,,,,,,,,,,,
06/12/2024,Renekton,Sejuani,Akali,Ashe,Rell,14.23,Lose,RBT,Ambessa,Ivern,Sylas,Corki,Nautilus,Red,,,,,,,,,,,
06/12/2024,Volibear,Amumu,Yone,Kalista,Renata,14.23,Win,RBT,Ambessa,Sejuani,Azir,Varus,Neeko,Blue,,,,,,,,,,,
06/12/2024,Renekton,Zyra,Smolder,Varus,Nautilus,14.23,Win,RBT,Ambessa,Nidalee,Corki,Ashe,Rell,Red,,,,,,,,,,,
06/12/2024,Galio,Nocturne,Akali,Kalista,Nautilus,14.23,Win,RBT,Rumble,MonkeyKing,Orianna,Varus,Rell,Blue,,,,,,,,,,,
10/12/2024,Gnar,Nocturne,Orianna,Varus,Nautilus,14.23,Win,MCK,Renekton,Vi,Ahri,Ashe,Leona,Red,,,,,,,,,,,
10/12/2024,Volibear,Nocturne,Aurora,Varus,Renata,14.23,Win,MCK,Ambessa,Vi,Ahri,Ashe,Blitzcrank,Blue,,,,,,,,,,,
10/12/2024,KSante,Viego,Galio,Kalista,Neeko,14.23,Lose,MCK,Poppy,Vi,Orianna,Draven,Renata,Red,,,,,,,,,,,
10/12/2024,Gragas,MonkeyKing,Ahri,Varus,TahmKench,14.23,Lose,MCK,Galio,Vi,Swain,Kalista,Nautilus,Blue,,,,,,,,,,,
10/12/2024,Renekton,Sejuani,Swain,Varus,Braum,14.23,Win,MCK,Ornn,Graves,Akali,Kalista,Leona,Red,,,,,,,,,,,
11/12/2024,Renekton,Ivern,Swain,Varus,Braum,14.24,Lose,VER,Poppy,ReKSai,Ahri,Corki,Leona,Blue,,,,,,,,,,,
11/12/2024,Ambessa,Vi,Ryze,Ashe,Rell,14.24,Win,VER,KSante,Maokai,Sylas,Xayah,Rakan,Red,,,,,,,,,,,
11/12/2024,Rumble,Nocturne,Viktor,Kalista,Renata,14.24,Lose,VER,KSante,Maokai,Orianna,Varus,Poppy,Blue,,,,,,,,,,,
11/12/2024,Ornn,Vi,Ahri,Caitlyn,Braum,14.24,Win,VER,Aurora,XinZhao,Ezreal,Ziggs,Leona,Red,,,,,,,,,,,
11/12/2024,Renekton,MonkeyKing,Aurora,Varus,Alistar,14.24,Lose,VER,KSante,JarvanIV,Ahri,Brand,Rell,Blue,,,,,,,,,,,
12/12/2024,KSante,Karthus,Yasuo,Varus,Rell,15.1,Win,AKA,Rumble,Graves,Hwei,Ashe,Maokai,Red,,,,,,,,,,,
12/12/2024,Ornn,Ivern,Jayce,Varus,Leona,15.1,Win,AKA,KSante,XinZhao,Syndra,Jinx,Rell,Blue,,,,,,,,,,,
12/12/2024,Sion,Vi,Ahri,Jinx,Pyke,15.1,Win,AKA,Jax,Viego,Viktor,Varus,Ashe,Red,,,,,,,,,,,
12/12/2024,Poppy,Sejuani,Azir,Varus,Ashe,15.1,Win,AKA,Gragas,JarvanIV,Yasuo,Ziggs,Rell,Blue,,,,,,,,,,,
12/12/2024,Renekton,Vi,Viktor,Kalista,Neeko,15.1,Win,AKA,Gnar,MonkeyKing,Corki,Ziggs,Poppy,Red,,,,,,,,,,,
17/12/2024,Malphite,Ivern,Yone,Ashe,Rell,15.1,Lose,LUA,Gnar,XinZhao,Viktor,Varus,Alistar,Red,,,,,,,,,,,
17/12/2024,KSante,Amumu,Viktor,Varus,Rakan,15.1,Lose,LUA,Rumble,Maokai,Yone,Ashe,Nautilus,Blue,,,,,,,,,,,
17/12/2024,KSante,Sejuani,Viktor,Varus,TahmKench,15.1,Lose,LUA,Rumble,Vi,Ahri,Ezreal,Rakan,Red,,,,,,,,,,,
17/12/2024,Galio,MonkeyKing,Viktor,Corki,Rell,15.1,Lose,LUA,Gragas,JarvanIV,Aurora,Ezreal,Maokai,Blue,,,,,,,,,,,
17/12/2024,Galio,Maokai,Jayce,Varus,Leona,15.1,Lose,LUA,Rumble,Viego,Sylas,Ashe,Rell,Red,,,,,,,,,,,
18/12/2024,Renekton,Vi,Hwei,Corki,Nautilus,15.1,Lose,UCAM,Aurora,Ambessa,Viktor,Xayah,Rell,Red,,,,,,,,,,,
18/12/2024,KSante,Viego,Ahri,Varus,Leona,15.1,Win,UCAM,Maokai,LeeSin,Sylas,Corki,Alistar,Blue,,,,,,,,,,,
18/12/2024,Volibear,Viego,Ahri,Varus,Rell,15.1,Win,UCAM,Ambessa,Sejuani,Yone,Viktor,Nautilus,Red,,,,,,,,,,,
18/12/2024,Renekton,MonkeyKing,Viktor,Ashe,TahmKench,15.1,Win,UCAM,Kennen,Nocturne,Akali,Kalista,Maokai,Blue,,,,,,,,,,,
18/12/2024,Maokai,Maokai,Jayce,Varus,Blitzcrank,15.1,Lose,UCAM,Sion,MonkeyKing,Hwei,Kalista,Renata,Red,,,,,,,,,,,
19/12/2024,Rumble,JarvanIV,Orianna,Corki,Rakan,15.1,Lose,BAR,Galio,MonkeyKing,Viktor,Varus,Thresh,Blue,,,,,,,,,,,
19/12/2024,Rumble,Vi,Hwei,Smolder,Nautilus,15.1,Win,BAR,KSante,Poppy,Azir,Corki,Blitzcrank,Red,,,,,,,,,,,
19/12/2024,Aurora,Ivern,Yone,Smolder,Leona,15.1,Lose,BAR,Galio,Viego,Azir,Corki,Rell,Blue,,,,,,,,,,,
19/12/2024,Rumble,Vi,Sylas,Corki,Poppy,15.1,Win,BAR,Ornn,Amumu,Yone,Varus,Rell,Red,,,,,,,,,,,
19/12/2024,Volibear,XinZhao,Akali,Varus,Braum,15.1,Lose,BAR,Ambessa,Fiddlestick,Yone,Corki,Nautilus,Blue,,,,,,,,,,,
20/12/2024,Ambessa,Vi,Ahri,Corki,Blitzcrank,15.1,Win,ES,KSante,Nunu,Viktor,Kalista,Renata,Red,,,,,,,,,,,
20/12/2024,Rumble,Ivern,Yone,Varus,Rell,15.1,Lose,ES,Ornn,JarvanIV,Jayce,Viktor,Maokai,Blue,,,,,,,,,,,
20/12/2024,Ornn,Viego,Viktor,Ashe,Leona,15.1,Win,ES,KSante,Nunu,Hwei,Corki,Rell,Red,,,,,,,,,,,
20/12/2024,KSante,Skarner,Azir,Varus,Rell,15.1,Win,ES,Ornn,Ivern,Tristana,Ashe,Nautilus,Blue,,,,,,,,,,,
20/12/2024,KSante,Amumu,Ahri,Jinx,Rell,15.1,Lose,ES,Warwick,Maokai,Corki,Ziggs,Nautilus,Red,,,,,,,,,,,
03/01/2025,KSante,Volibear,Viktor,Corki,Rell,15.1,Win,AFW,Ambessa,Sejuani,Orianna,Caitlyn,Rakan,Red,,,,,,,,,,,
03/01/2025,KSante,MonkeyKing,Orianna,Smolder,TahmKench,15.1,Lose,AFW,Gragas,Vi,Akali,Corki,Leona,Red,,,,,,,,,,,
03/01/2025,Ambessa,XinZhao,Viktor,Varus,Thresh,15.1,Win,AFW,Maokai,JarvanIV,Irelia,Kalista,Blitzcrank,Blue,,,,,,,,,,,
03/01/2025,Ambessa,XinZhao,Viktor,Varus,Thresh,15.1,Win,AFW,Maokai,JarvanIV,Irelia,Kalista,Blitzcrank,Blue,,,,,,,,,,,
03/01/2025,Ambessa,Ivern,Akali,Varus,Rakan,15.1,Win,AFW,Volibear,Viego,Viktor,Jhin,Maokai,Blue,,,,,,,,,,,
04/01/2025,KSante,Viego,Akali,Jinx,Rell,15.1,Lose,TP,Maokai,XinZhao,Azir,Caitlyn,Alistar,Red,,,,,,,,,,,
04/01/2025,Gragas,Viego,Ahri,Varus,Poppy,15.1,Win,TP,Ornn,MonkeyKing,Sylas,Caitlyn,Rell,Blue,,,,,,,,,,,
04/01/2025,Ornn,Vi,Taliyah,Jinx,Thresh,15.1,Win,TP,Maokai,Nocturne,Viktor,Kalista,Renata,Red,,,,,,,,,,,
04/01/2025,KSante,XinZhao,Aurora,Smolder,Leona,15.1,Win,TP,Ambessa,MonkeyKing,Corki,Swain,Nautilus,Blue,,,,,,,,,,,
04/01/2025,KSante,Vi,Sylas,Ashe,Alistar,15.1,Lose,TP,Gragas,Viego,Ahri,Corki,Leona,Red,,,,,,,,,,,
05/01/2025,KSante,Viego,Ahri,Varus,Rell,15.1,Lose,SLY,Ambessa,Maokai,Orianna,Ezreal,Poppy,Blue,,,,,,,,,,,
05/01/2025,Ambessa,Vi,Viktor,Smolder,Rell,15.1,Lose,SLY,Jax,Ivern,Hwei,Corki,Leona,Red,,,,,,,,,,,
05/01/2025,KSante,Nocturne,Orianna,Corki,Leona,15.1,Lose,SLY,Ambessa,Viego,Viktor,Caitlyn,Neeko,Blue,,,,,,,,,,,
05/01/2025,Sion,Ivern,Taliyah,Varus,Nautilus,15.1,Lose,SLY,Rumble,Vi,Ahri,Ashe,Rakan,Red,,,,,,,,,,,
05/01/2025,Gnar,Vi,Ahri,Ashe,Thresh,15.1,Win,SLY,KSante,Poppy,Viktor,Kalista,Renata,Red,,,,,,,,,,,
06/01/2025,Maokai,MonkeyKing,Orianna,Corki,Rell,15.1,Win,EIQ,Renekton,Vi,Viktor,Xayah,Alistar,Red,,,,,,,,,,,
06/01/2025,KSante,Ivern,Azir,Corki,Leona,15.1,Win,EIQ,Ambessa,JarvanIV,Viktor,Xayah,Nautilus,Blue,,,,,,,,,,,
06/01/2025,Maokai,Poppy,Orianna,Caitlyn,Blitzcrank,15.1,Win,EIQ,KSante,Vi,Azir,Corki,Thresh,Red,,,,,,,,,,,
06/01/2025,Ornn,Viego,Ahri,Zeri,Leona,15.1,Win,EIQ,Jax,Volibear,Viktor,Varus,Renata,Blue,,,,,,,,,,,
06/01/2025,,,,,,,Enemy cancel,,,,,,,,,,,,,,,,,,
10/01/2025,Gnar,Ivern,Akali,Corki,Nautilus,15.1,Lose,ZER,KSante,MonkeyKing,Viktor,Zeri,Rakan,Red,,,,,,,,,,,
10/01/2025,Ambessa,Vi,Orianna,Ashe,Rakan,15.1,Win,ZER,Aurora,MonkeyKing,Sylas,Zeri,Leona,Red,,,,,,,,,,,
10/01/2025,Ambessa,Nocturne,Aurora,Varus,Nautilus,15.1,Win,ZER,Jayce,LeeSin,Akali,Jhin,Maokai,Red,,,,,,,,,,,
10/01/2025,KSante,Ivern,Hwei,Corki,Leona,15.1,Win,ZER,Olaf,MonkeyKing,Syndra,Varus,Braum,Blue,,,,,,,,,,,
10/01/2025,,,,,,,Enemy cancel,,,,,,,,,,,,,,,,,,
14/01/2025,KSante,Ivern,Corki,Varus,Leona,15.1b,Win,USE,Jax,Sejuani,Hwei,Kalista,Renata,Blue,,,,,,,,,,,
14/01/2025,Maokai,Karthus,Yone,Ashe,Thresh,15.1b,Lose,USE,Ornn,JarvanIV,Viktor,Ezreal,Blitzcrank,Red,,,,,,,,,,,
14/01/2025,Ambessa,Viego,Ahri,Ziggs,Nautilus,15.1b,Lose,USE,Gwen,MonkeyKing,Galio,Lucian,Nami,Blue,,,,,,,,,,,
14/01/2025,Renekton,Vi,Syndra,Ashe,Braum,15.1b,Win,USE,Ambessa,Viego,Aurora,Jhin,Leona,Red,,,,,,,,,,,
14/01/2025,Rumble,Skarner,Hwei,Ashe,Rell,15.1b,Win,USE,Aurora,JarvanIV,Ambessa,Jinx,Alistar,Blue,,,,,,,,,,,
15/01/2025,Maokai,XinZhao,Orianna,Ashe,Braum,15.1b,Lose,BW,Rumble,Nocturne,Syndra,Varus,Rell,Red,,,,,,,,,,,
15/01/2025,Rumble,JarvanIV,Syndra,Varus,Rell,15.1b,Win,BW,KSante,Zyra,Irelia,Corki,Alistar,Blue,,,,,,,,,,,
15/01/2025,Galio,Ivern,Sylas,Corki,Leona,15.1b,Lose,BW,Rumble,Maokai,Yone,Varus,Renata,Red,,,,,,,,,,,
15/01/2025,Ambessa,MonkeyKing,Viktor,Varus,Renata,15.1b,Lose,BW,Gnar,LeeSin,Akali,Ashe,Braum,Blue,,,,,,,,,,,
15/01/2025,,,,,,15.1b,Enemy cancel,BW,,,,,,,,,,,,,,,,,
16/01/2025,Jax,Nocturne,Aurora,Zeri,Alistar,15.1b,Win,TP,Poppy,XinZhao,Orianna,Corki,Rell,Blue,,,,,,,,,,,
16/01/2025,Rumble,Vi,Orianna,Ashe,Rakan,15.1b,Lose,TP,Jayce,Nocturne,Akali,Varus,Rell,Red,,,,,,,,,,,
16/01/2025,Jax,Skarner,Syndra,Ashe,Rakan,15.1b,Win,TP,Jayce,Viego,Viktor,Varus,Leona,Blue,,,,,,,,,,,
16/01/2025,Rumble,Zyra,Yone,Caitlyn,Rell,15.1b,Win,TP,Ambessa,Sejuani,Viktor,Corki,Alistar,Red,,,,,,,,,,,
16/01/2025,Rumble,Ivern,Yone,Varus,Alistar,15.1b,Win,TP,Jayce,Nocturne,Sylas,Corki,Rell,Blue,,,,,,,,,,,
17/01/2025,Rumble,JarvanIV,Aurora,Ashe,Leona,15.1b,Win,SGE,Jayce,Nocturne,Orianna,Varus,Alistar,,,,,,,,,,,,
17/01/2025,Gnar,Vi,Orianna,Caitlyn,Braum,15.1b,Win,SGE,KSante,Viego,Viktor,Ezreal,Nautilus,,,,,,,,,,,,
17/01/2025,Renekton,Viego,Ahri,Varus,Leona,15.1b,Win,SGE,Ambessa,Vi,Aurora,Corki,Braum,,,,,,,,,,,,
17/01/2025,,,,,,15.1b,Enemy cancel,SGE,,,,,,,,,,,,,,,,,
17/01/2025,,,,,,15.1b,,SGE,,,,,,,,,,,,,,,,,
20/01/2025,Jayce,Maokai,Hwei,Ezreal,Rakan,15.1b,Win,RBT,KSante,MonkeyKing,Azir,Ashe,Braum,Red,,,,,,,,,,,
20/01/2025,Jayce,XinZhao,Viktor,Ezreal,Leona,15.1b,Win,RBT,KSante,JarvanIV,Orianna,MissFortune,Rell,Blue,,,,,,,,,,,
20/01/2025,Jax,Zyra,Jayce,Ezreal,Alistar,15.1b,Win,RBT,Corki,Maokai,Irelia,Varus,Leona,Red,,,,,,,,,,,
20/01/2025,Jayce,Ivern,Ryze,Ezreal,Leona,15.1b,Lose,RBT,Ambessa,MonkeyKing,Aurora,Varus,Braum,Blue,,,,,,,,,,,
20/01/2025,Rumble,Volibear,Azir,Varus,Alistar,15.1b,Win,RBT,Galio,Viego,Sylas,Ezreal,Rell,Blue,,,,,,,,,,,
21/01/2025,Gnar,Ivern,Akali,Ashe,Leona,15.1b,Lose,LR,,JarvanIV,Orianna,Corki,Alistar,Red,,,,,,,,,,,
21/01/2025,KSante,Nocturne,Aurora,Varus,Thresh,15.1b,Lose,LR,Jax,Vi,Azir,Ezreal,Braum,Blue,,,,,,,,,,,
21/01/2025,Rumble,Volibear,Yone,Ziggs,Rell,15.1b,Lose,LR,Sion,Viego,Syndra,Kalista,Renata,Red,,,,,,,,,,,
21/01/2025,Rumble,Volibear,Viktor,Varus,Rell,15.1b,Lose,LR,Ambessa,MonkeyKing,Azir,Kalista,Renata,Blue,,,,,,,,,,,
21/01/2025,Aurora,Nocturne,Swain,Varus,Rell,15.1b,Lose,LR,Sion,Vi,Galio,Ezreal,Rakan,Red,,,,,,,,,,,
23/01/2025,Jayce,Maokai,Viktor,Ezreal,Alistar,15.1b,Win,KHK,Jax,Nocturne,Orianna,Varus,Rell,Red,,,,,,,,,,,
23/01/2025,Galio,Volibear,Azir,Ashe,Thresh,15.1b,Lose,KHK,Rumble,MonkeyKing,Ahri,Zeri,Braum,Blue,,,,,,,,,,,
23/01/2025,Ambessa,Ivern,Hwei,Jhin,Leona,15.1b,Lose,KHK,KSante,Zyra,Yone,MissFortune,Nautilus,Red,,,,,,,,,,,
23/01/2025,Jayce,Maokai,Viktor,Zeri,Rakan,15.1b,Lose,KHK,Rumble,Sejuani,Yone,Ezreal,Poppy,Blue,,,,,,,,,,,
23/01/2025,Jayce,Maokai,Hwei,Ezreal,Rell,15.1b,Lose,KHK,KSante,MonkeyKing,Azir,Varus,Renata,Red,,,,,,,,,,,
24/01/2025,Jayce,Nocturne,Viktor,Varus,Rell,15.1b,Win,ROSS,Jax,Sejuani,Orianna,Ezreal,Leona,Blue,,,,,,,,,,,
24/01/2025,Sion,MonkeyKing,Azir,Ashe,Braum,15.1b,Win,ROSS,KSante,Vi,Aurora,MissFortune,Karma,Red,,,,,,,,,,,
24/01/2025,Rumble,Volibear,Syndra,Xayah,Rakan,15.1b,Win,ROSS,Galio,ReKSai,Ahri,Jinx,Nautilus,Blue,,,,,,,,,,,
24/01/2025,Renekton,Maokai,Jayce,Ezreal,Rell,15.1b,Win,ROSS,Ambessa,Viego,Aurora,Varus,Nautilus,Blue,,,,,,,,,,,
24/01/2025,,,,,,15.1b,Enemy cancel,ROSS,,,,,,,,,,,,,,,,,
27/01/2025,Renekton,Maokai,Jayce,Kaisa,Rell,15.2,Win,SGE,Ambessa,Nocturne,Taliyah,Varus,Alistar,Red,,,,,,,,,,,
27/01/2025,KSante,Zyra,Corki,Kaisa,Nautilus,15.2,Win,SGE,Ambessa,MonkeyKing,Yone,Seraphine,Rell,Blue,,,,,,,,,,,
27/01/2025,Renekton,Maokai,Smolder,Xayah,Rell,15.2,Win,SGE,Ambessa,Vi,Corki,Kaisa,Alistar,Red,,,,,,,,,,,
27/01/2025,Jax,Sejuani,Azir,Kalista,Renata,15.2,Win,SGE,KSante,XinZhao,Hwei,Corki,Neeko,Blue,,,,,,,,,,,
27/01/2025,Ambessa,Ivern,Hwei,Corki,Leona,15.2,Win,SGE,Jayce,XinZhao,Azir,Jhin,Alistar,Blue,,,,,,,,,,,
28/01/2025,Jayce,JarvanIV,Hwei,Corki,Leona,15.2,Win,MKF,Rumble,Zyra,Ezreal,MissFortune,Rell,Blue,,,,,,,,,,,
28/01/2025,Jayce,Zyra,Yone,Smolder,Rell,15.2,Lose,MKF,Gragas,Nocturne,Orianna,Corki,Rakan,Red,,,,,,,,,,,
28/01/2025,,,,,,15.2,Enemy cancel,MKF,,,,,,,,,,,,,,,,,
28/01/2025,Jayce,Zyra,Corki,Kaisa,Rell,15.2,Lose,GXP,KSante,Nidalee,Syndra,Ezreal,Leona,Blue,,,,,,,,,,,
,,,,,,,,,,,,,,,,,,,,,,,,,
30/01/2025,KSante,Zyra,Corki,Kaisa,Nautilus,15.2,Win,Z10,Ambessa,Viego,Aurora,Ashe,Braum,Blue,,,,,,,,,,,
30/01/2025,Jax,Maokai,Corki,Ashe,Rell,15.2,Win,Z10,Renekton,Sejuani,Smolder,Varus,Renata,Red,,,,,,,,,,,
30/01/2025,KSante,Zyra,Yone,Kaisa,Rakan,15.2,Lose,Z10,Gwen,Skarner,Viktor,Ezreal,Senna,Blue,,,,,,,,,,,
30/01/2025,,,,,,15.2,We cancel,Z10,,,,,,,,,,,,,,,,,
30/01/2025,,,,,,15.2,We cancel,Z10,,,,,,,,,,,,,,,,,
31/01/2025,KSante,Zyra,Yone,Kaisa,Rell,15.2,Win,PAR,Ambessa,Vi,Corki,Brand,Nautilus,Blue,,,,,,,,,,,
31/01/2025,Gnar,Ivern,Swain,Ezreal,Leona,15.2,Win,PAR,Rumble,XinZhao,Akali,Ezreal,Rakan,Red,,,,,,,,,,,
31/01/2025,Renekton,Maokai,Syndra,Caitlyn,Alistar,15.2,Win,PAR,Ornn,Lillia,Zeri,MissFortune,Bard,Blue,,,,,,,,,,,
31/01/2025,Sion,Zyra,Corki,Kaisa,Alistar,15.2,Win,PAR,Gragas,Lillia,Jayce,Ezreal,Rell,Red,,,,,,,,,,,
31/01/2025,,,,,,15.2,Enemy cancel,PAR,,,,,,Blue,,,,,,,,,,,
03/02/2025,Ambessa,Vi,Orianna,Kaisa,Leona,15.2,Win,Nord,Poppy,Brand,Jayce,Ezreal,Alistar,,,,,,,,,,,,
03/02/2025,Galio,Zyra,Corki,Kaisa,Leona,15.2,Lose,Nord,Rumble,Sejuani,Jayce,Varus,Renata,,,,,,,,,,,,
03/02/2025,Malphite,Amumu,Corki,Jhin,Pyke,15.2,Win,Nord,Gnar,Maokai,Viktor,Caitlyn,Pantheon,Add Pantheon,,,,,,,,,,,
03/02/2025,KSante,Nocturne,Orianna,Ezreal,Rakan,15.2,Win,Nord,Poppy,Zyra,Mel,Smolder,Leona,Add mel,,,,,,,,,,,
03/02/2025,Rumble,JarvanIV,Azir,MissFortune,Rell,15.2,Win,Nord,Ambessa,Sejuani,Aurora,Kaisa,Braum,,,,,,,,,,,,
04/02/2025,Renekton,Zyra,Jayce,Corki,Poppy,15.2,Win,ULF,Ambessa,Vi,Taliyah,MissFortune,Rell,,,,,,,,,,,,
04/02/2025,Jayce,Maokai,Hwei,Smolder,Rell,15.2,Win,ULF,KSante,XinZhao,Azir,Corki,Rakan,,,,,,,,,,,,
04/02/2025,KSante,XinZhao,Azir,Varus,Rakan,15.2,Lose,ULF,Gnar,Sejuani,Taliyah,Ezreal,Rell,,,,,,,,,,,,
04/02/2025,Jax,Maokai,Yone,Ashe,Braum,15.2,Win,ULF,Rumble,XinZhao,Azir,Varus,Leona,,,,,,,,,,,,
04/02/2025,Ambessa,Vi,Ahri,Kaisa,Rell,15.2,Win,ULF,KSante,MonkeyKing,Galio,Xayah,Renata,,,,,,,,,,,,
05/02/2025,Ornn,Maokai,Smolder,Kaisa,Nautilus,15.2,Win,MKF,Rumble,Vi,Yone,Corki,Alistar,,,,,,,,,,,,
05/02/2025,KSante,XinZhao,Hwei,Ezreal,Karma,15.2,Lose,MKF,Poppy,MonkeyKing,Azir,Twitch,Rakan,,,,,,,,,,,,
05/02/2025,Gragas,JarvanIV,Ahri,MissFortune,Rell,15.2,Win,MKF,Jax,Sejuani,Galio,Jinx,Leona,,,,,,,,,,,,
05/02/2025,Chogath,Zyra,Jayce,Ashe,Leona,15.2,Lose,MKF,KSante,Nocturne,Hwei,Varus,Nautilus,,,,,,,,,,,,
05/02/2025,Rumble,Maokai,Corki,Kaisa,Alistar,15.2,Lose,MKF,Sion,Viego,Azir,Varus,Rell,,,,,,,,,,,,
07/02/2025,Ambessa,Maokai,Jayce,Corki,Leona,15.2,Win,EWI,Ornn,Nocturne,Viktor,Varus,Rell,,,,,,,,,,,,
07/02/2025,Ambessa,Zyra,Jayce,Ashe,Braum,15.2,Lose,EWI,Chogath,Belveth,Hwei,Kalista,Nautilus,,,,,,,,,,,,
07/02/2025,Jayce,Maokai,Orianna,Ashe,Rell,15.2,Win,EWI,Ornn,Belveth,Hwei,Kalista,Poppy,,,,,,,,,,,,
07/02/2025,Ambessa,Nocturne,Orianna,Corki,Nautilus,15.2,Lose,EWI,Chogath,Vi,Viktor,Ezreal,Leona,,,,,,,,,,,,
07/02/2025,,,,,,15.2,,EWI,,,,,,,,,,,,,,,,,
09/02/2025,KSante,Zyra,Jayce,MissFortune,Rell,15.2,Lose,GL,Ambessa,Sion,Azir,Ezreal,Leona,,,,,,,,,,,,
09/02/2025,Renekton,Sejuani,Ahri,Corki,Leona,15.2,Lose,GL,Ambessa,Vi,Taliyah,Vayne,Poppy,,,,,,,,,,,,
,,,,,,,,,,,,,,,,,,,,,,,,,
,,,,,,,,,,,,,,,,,,,,,,,,,
,,,,,,,,,,,,,,,,,,,,,,,,,
10/02/2025,Sion,Zyra,Jayce,Corki,Poppy,15.3,Win,BW,KSante,XinZhao,Mel,Ezreal,Rell,Red,,,,,,,,,,,
10/02/2025,Renekton,XinZhao,Mel,Ashe,Braum,15.3,Win,BW,Ambessa,Sejuani,Aurora,Kaisa,Leona,Blue,,,,,,,,,,,
10/02/2025,Rumble,Nocturne,Mel,Corki,Rell,15.3,Lose,BW,Jayce,JarvanIV,Orianna,Varus,Leona,Red,,,,,,,,,,,
10/02/2025,KSante,Maokai,Corki,Xayah,Rakan,15.3,Lose,BW,Jayce,Volibear,Azir,Kaisa,Leona,Blue,,,,,,,,,,,
10/02/2025,Camille,Ivern,Hwei,Smolder,Leona,15.3,Win,BW,KSante,XinZhao,Orianna,Corki,Rell,Red,,,,,,,,,,,
11/02/2025,KSante,Maokai,Smolder,Kaisa,Alistar,15.3,Lose,TOG,Rumble,Vi,Yone,Zeri,Rell,Red,,,,,,,,,,,
11/02/2025,Ambessa,Sejuani,Mel,Ezreal,Leona,15.3,Lose,TOG,Jayce,Pantheon,Orianna,Varus,Nautilus,Blue,,,,,,,,,,,
11/02/2025,Sion,Viego,Ahri,MissFortune,Rakan,15.3,Win,TOG,Renekton,Nidalee,Azir,Jhin,Galio,Red,,,,,,,,,,,
11/02/2025,Ambessa,Amumu,Corki,Ezreal,Leona,15.3,Lose,TOG,Jayce,Nidalee,Yone,Varus,Nautilus,Blue,,,,,,,,,,,
11/02/2025,Camille,Sejuani,Akali,Ezreal,Rakan,15.3,Win,TOG,Maokai,Pantheon,Orianna,MissFortune,Rell,Red,,,,,,,,,,,
12/02/2025,Jax,Maokai,Corki,Ezreal,Leona,15.3,Win,BAR,Jayce,Zyra,KSante,MissFortune,Rell,Red,,,,,,,,,,,
12/02/2025,Rumble,JarvanIV,Mel,Aphelios,Thresh,15.3,Win,BAR,Ambessa,Sejuani,Orianna,Jinx,TahmKench,Blue,,,,,,,,,,,
12/02/2025,Camille,Viego,Viktor,Ziggs,Rakan,15.3,Win,BAR,Ornn,Vi,Taliyah,Xayah,Alistar,Red,,,,,,,,,,,
12/02/2025,Ornn,Maokai,Corki,Ezreal,Nautilus,15.3,Win,BAR,Chogath,Zyra,Jayce,Varus,Rell,Blue,,,,,,,,,,,
12/02/2025,Jax,Sejuani,Vladimir,Zeri,Braum,15.3,Win,BAR,KSante,Vi,Ahri,Jhin,Leona,Red,,,,,,,,,,,
14/02/2025,KSante,Maokai,Yone,Corki,Leona,15.3,Win,GW,Jayce,Vi,Orianna,Kaisa,Nautilus,Red,,,,,,,,,,,
14/02/2025,Jayce,JarvanIV,Mel,Kaisa,Nautilus,15.3,Lose,GW,Ambessa,Zyra,Yone,Ezreal,Rell,Blue,,,,,,,,,,,
14/02/2025,Ambessa,Vi,Orianna,Zeri,Rell,15.3,Lose,GW,Jayce,Poppy,Taliyah,Xayah,Renata,Red,,,,,,,,,,,
14/02/2025,Jayce,JarvanIV,Mel,Corki,Rell,15.3,Win,GW,Rumble,Zyra,Yone,Samira,Nautilus,Blue,,,,,,,,,,,
14/02/2025,Camille,Sejuani,Jayce,Ziggs,Rell,15.3,Lose,GW,Nidalee,LeeSin,Ahri,Kalista,Renata,Red,,,,,,,,,,,
17/02/2025,Gnar,JarvanIV,Mel,Kaisa,Nautilus,15.3,Win,RBT,KSante,Zyra,Tristana,Ezreal,Leona,Blue,,,,,,,,,,,
17/02/2025,Ambessa,Amumu,Corki,Jhin,Rell,15.3,Win,RBT,Renekton,Vi,Viktor,Caitlyn,Neeko,Red,,,,,,,,,,,
17/02/2025,Jayce,Maokai,Taliyah,Zeri,Poppy,15.3,Lose,RBT,Rumble,MonkeyKing,Azir,MissFortune,Bard,Blue,,,,,,,,,,,
17/02/2025,Ambessa,Sejuani,Ahri,Corki,Leona,15.3,Win,RBT,KSante,Vi,Taliyah,Varus,Rell,Red,,,,,,,,,,,
17/02/2025,Jayce,Pantheon,Orianna,Kaisa,Alistar,15.3,Lose,RBT,Ornn,MonkeyKing,Azir,Caitlyn,Nautilus,Blue,,,,,,,,,,,
18/02/2025,Ambessa,JarvanIV,Viktor,Kalista,Renata,15.3,Win,EWIE,Skarner,Kindred,Mel,Tristana,Poppy,Blue,,,,,,,,,,,
18/02/2025,KSante,Zyra,Yone,Smolder,Braum,15.3,Lose,EWIE,Garen,Nocturne,Aurora,Corki,Leona,Red,,,,,,,,,,,
18/02/2025,Jayce,Ivern,Azir,Ezreal,Alistar,15.3,Lose,EWIE,Chogath,XinZhao,Sylas,Varus,Rell,Blue,,,,,,,,,,,
18/02/2025,Ambessa,Vi,Aurora,Varus,Leona,15.3,Win,EWIE,Sett,Viego,Cassiopeia,Caitlyn,Nautilus,Red,,,,,,,,,,,
18/02/2025,Camille,Sejuani,Sylas,Corki,Bard,15.3,Win,EWIE,Ornn,Gwen,Lucian,Sivir,Amumu,Blue,,,,,,,,,,,
19/02/2025,Jax,Skarner,Azir,MissFortune,Alistar,15.3,Win,FSK,Gnar,Ivern,Hwei,Corki,Nautilus,Blue,,,,,,,,,,,
19/02/2025,Ambessa,Viego,Ahri,Ezreal,Braum,15.3,Win,FSK,Camille,Pantheon,Taliyah,Varus,Leona,Red,,,,,,,,,,,
19/02/2025,KSante,XinZhao,Mel,Zeri,Lulu,15.3,Lose,FSK,Garen,MonkeyKing,Galio,Jinx,Thresh,Blue,,,,,,,,,,,
19/02/2025,Ornn,Taliyah,Corki,Varus,Poppy,15.3,Win,FSK,Anivia,Pantheon,Galio,Kalista,Neeko,,,,,,,,,,,,
19/02/2025,Ambessa,Maokai,Corki,Kaisa,Rakan,15.3,Win,FSK,Camille,LeeSin,Azir,Ezreal,Leona,Blue,,,,,,,,,,,
20/02/2025,Gwen,Maokai,Yone,Varus,Leona,15.3,Lose,EWIE,Chogath,Nocturne,Sylas,Corki,Alistar,Red,,,,,,,,,,,
20/02/2025,Jayce,MonkeyKing,Mel,Ashe,Nautilus,15.3,Win,EWIE,Ornn,XinZhao,Aurora,Kalista,Poppy,Blue,,,,,,,,,,,
20/02/2025,Ambessa,Pantheon,Galio,Kaisa,Rakan,15.3,Lose,EWIE,Gragas,Kindred,Yasuo,Taliyah,Rell,Red,,,,,,,,,,,
20/02/2025,KSante,Viego,Ahri,Jinx,Thresh,15.3,Win,EWIE,Garen,JarvanIV,Viktor,Swain,Camille,Blue,,,,,,,,,,,
,,,,,,,,,,,,,,,,,,,,,,,,,
24/02/2025,Jayce,Maokai,Akali,Ashe,Rell,15.4,Win,BW,Ambessa,Sejuani,Yone,Kalista,Nautilus,,,,,,,,,,,,
24/02/2025,Camille,Pantheon,Galio,Jhin,Shen,15.4,Win,BW,KSante,XinZhao,Mel,Ezreal,Leona,,,,,,,,,,,,
24/02/2025,Renekton,Nidalee,Azir,Varus,Poppy,15.4,Win,BW,Ornn,MonkeyKing,Aurora,Kaisa,Rakan,,,,,,,,,,,,
24/02/2025,Chogath,JarvanIV,Orianna,Caitlyn,Elise,15.4,Win,BW,Sion,Nocturne,Syndra,Zeri,Yuumi,,,,,,,,,,,,
24/02/2025,,,,,,15.4,Enemy cancel,BW,,,,,,,,,,,,,,,,,
25/02/2025,Jayce,Skarner,Viktor,Corki,Leona,15.3,Win,SGE,KSante,Maokai,Mel,Varus,Rell,,,,,,,,,,,,
25/02/2025,Galio,Pantheon,Aurora,Kaisa,Nautilus,15.3,Lose,SGE,Rumble,Vi,Ahri,Sivir,Lulu,,,,,,,,,,,,
25/02/2025,Camille,Sejuani,Taliyah,Ezreal,Elise,15.3,Win,SGE,Ambessa,XinZhao,Azir,Jhin,Bard,,,,,,,,,,,,
25/02/2025,Gragas,JarvanIV,Orianna,MissFortune,Poppy,15.3,Win,SGE,Jax,Nocturne,Leblanc,Tristana,Alistar,,,,,,,,,,,,
25/02/2025,Sion,Nidalee,Yone,Caitlyn,Neeko,15.3,Lose,SGE,Gnar,Nunu,Sylas,Jinx,Thresh,,,,,,,,,,,,
27/02/2025,Poppy,Amumu,Corki,Varus,Leona,15.4,Lose,BKR,Ambessa,Sejuani,Viktor,Ezreal,Alistar,,,,,,,,,,,,
27/02/2025,Irelia,Vi,Taliyah,MissFortune,Nautilus,15.4,Win,BKR,Gnar,Maokai,Syndra,Kaisa,Rell,,,,,,,,,,,,
27/02/2025,Rumble,Maokai,Yone,Corki,Leona,15.4,Win,BKR,Jayce,Sejuani,Sylas,Ezreal,Alistar,,,,,,,,,,,,
27/02/2025,Camille,Pantheon,Galio,Ashe,Braum,15.4,Lose,BKR,Ambessa,Vi,Ahri,Ziggs,Nautilus,,,,,,,,,,,,
27/02/2025,Sion,Nidalee,Hwei,Caitlyn,Elise,15.4,Lose,BKR,KSante,Zyra,Zeri,Jinx,Neeko,,,,,,,,,,,,
28/02/2025,Ornn,MonkeyKing,Akali,Varus,Rell,15.4,Lose,ANB,Rumble,Sejuani,Yone,Ezreal,Alistar,,,,,,,,,,,,
28/02/2025,Camille,Pantheon,Taliyah,Sivir,Leona,15.4,Win,ANB,Ambessa,Volibear,Azir,Twitch,Nautilus,,,,,,,,,,,,
28/02/2025,Aurora,Maokai,Tristana,MissFortune,Blitzcrank,15.4,Win,ANB,XinZhao,Nocturne,Orianna,Kaisa,Rakan,,,,,,,,,,,,
28/02/2025,Jayce,JarvanIV,Galio,KogMaw,Poppy,15.4,Win,ANB,KSante,Viego,Ahri,Ashe,Elise,,,,,,,,,,,,
28/02/2025,Renekton,Vi,Ryze,Jhin,Shen,15.4,Win,ANB,Illaoi,Nunu,Sylas,Xayah,Pyke,,,,,,,,,,,,
29/02/2025,Sion,Skarner,Azir,Sivir,Lulu,15.4,Lose,KCBS,Aatrox,Lillia,Aurora,Ezreal,Pyke,,,,,,,,,,,,
29/02/2025,Camille,Pantheon,Taliyah,Kaisa,Blitzcrank,15.4,Win,KCBS,Ambessa,Sejuani,Orianna,Ashe,Thresh,,,,,,,,,,,,
29/02/2025,Chogath,Zyra,Tristana,Varus,Leona,15.4,Win,KCBS,Gnar,Maokai,Mel,Jhin,Alistar,,,,,,,,,,,,
29/02/2025,Jax,Viego,Ahri,KogMaw,Braum,15.4,Win,KCBS,KSante,XinZhao,Sylas,Jinx,Nautilus,,,,,,,,,,,,
29/02/2025,Jayce,Nidalee,Syndra,MissFortune,Poppy,15.4,Lose,KCBS,Gragas,JarvanIV,Hwei,Caitlyn,Rakan,,,,,,,,,,,,
,,,,,,,,,,,,,,,,,,,,,,,,,
,,,,,,,,,,,,,,,,,,,,,,,,,
,,,,,,,,,,,,,,,,,,,,,,,,,
,,,,,,,,,,,,,,,,,,,,,,,,,
,,,,,,,,,,,,,,,,,,,,,,,,,
,,,,,,,,,,,,,,,,,,,,,,,,,
,,,,,,,,,,,,,,,,,,,,,,,,,
,,,,,,,,,,,,,,,,,,,,,,,,,
,,,,,,,,,,,,,,,,,,,,,,,,,
,,,,,,,,,,,,,,,,,,,,,,,,,
,,,,,,,,,,,,,,,,,,,,,,,,,
,,,,,,,,,,,,,,,,,,,,,,,,,
,,,,,,,,,,,,,,,,,,,,,,,,,
,,,,,,,,,,,,,,,,,,,,,,,,,
,,,,,,,,,,,,,,,,,,,,,,,,,
,,,,,,,,,,,,,,,,,,,,,,,,,
,,,,,,,,,,,,,,,,,,,,,,,,,
,,,,,,,,,,,,,,,,,,,,,,,,,
,,,,,,,,,,,,,,,,,,,,,,,,,
,,,,,,,,,,,,,,,,,,,,,,,,,
,,,,,,,,,,,,,,,,,,,,,,,,,
,,,,,,,,,,,,,,,,,,,,,,,,,
,,,,,,,,,,,,,,,,,,,,,,,,,
,,,,,,,,,,,,,,,,,,,,,,,,,
,,,,,,,,,,,,,,,,,,,,,,,,,
,,,,,,,,,,,,,,,,,,,,,,,,,
,,,,,,,,,,,,,,,,,,,,,,,,,
,,,,,,,,,,,,,,,,,,,,,,,,,
,,,,,,,,,,,,,,,,,,,,,,,,,
,,,,,,,,,,,,,,,,,,,,,,,,,
,,,,,,,,,,,,,,,,,,,,,,,,,
,,,,,,,,,,,,,,,,,,,,,,,,,
,,,,,,,,,,,,,,,,,,,,,,,,,
,,,,,,,,,,,,,,,,,,,,,,,,,
,,,,,,,,,,,,,,,,,,,,,,,,,
,,,,,,,,,,,,,,,,,,,,,,,,,
,,,,,,,,,,,,,,,,,,,,,,,,,
,,,,,,,,,,,,,,,,,,,,,,,,,
,,,,,,,,,,,,,,,,,,,,,,,,,
,,,,,,,,,,,,,,,,,,,,,,,,,
,,,,,,,,,,,,,,,,,,,,,,,,,
,,,,,,,,,,,,,,,,,,,,,,,,,
,,,,,,,,,,,,,,,,,,,,,,,,,
,,,,,,,,,,,,,,,,,,,,,,,,,
,,,,,,,,,,,,,,,,,,,,,,,,,
,,,,,,,,,,,,,,,,,,,,,,,,,
,,,,,,,,,,,,,,,,,,,,,,,,,
,,,,,,,,,,,,,,,,,,,,,,,,,
,,,,,,,,,,,,,,,,,,,,,,,,,
,,,,,,,,,,,,,,,,,,,,,,,,,
,,,,,,,,,,,,,,,,,,,,,,,,,
,,,,,,,,,,,,,,,,,,,,,,,,,
,,,,,,,,,,,,,,,,,,,,,,,,,
,,,,,,,,,,,,,,,,,,,,,,,,,
,,,,,,,,,,,,,,,,,,,,,,,,,
,,,,,,,,,,,,,,,,,,,,,,,,,
,,,,,,,,,,,,,,,,,,,,,,,,,
,,,,,,,,,,,,,,,,,,,,,,,,,
,,,,,,,,,,,,,,,,,,,,,,,,,
,,,,,,,,,,,,,,,,,,,,,,,,,
,,,,,,,,,,,,,,,,,,,,,,,,,
,,,,,,,,,,,,,,,,,,,,,,,,,
,,,,,,,,,,,,,,,,,,,,,,,,,
,,,,,,,,,,,,,,,,,,,,,,,,,
,,,,,,,,,,,,,,,,,,,,,,,,,
,,,,,,,,,,,,,,,,,,,,,,,,,
,,,,,,,,,,,,,,,,,,,,,,,,,
,,,,,,,,,,,,,,,,,,,,,,,,,
,,,,,,,,,,,,,,,,,,,,,,,,,
,,,,,,,,,,,,,,,,,,,,,,,,,
,,,,,,,Win,,,,,,,,,,,,,,,,,,